<?xml version="1.0" encoding="UTF-8"?>
<GenRun Id="impl_1" LaunchPart="xc7a100tcsg324-1" LaunchTime="1717388328">
  <File Type="ROUTE-PWR" Name="LiftMain_power_routed.rpt"/>
  <File Type="PA-TCL" Name="LiftMain.tcl"/>
  <File Type="ROUTE-PWR-SUM" Name="LiftMain_power_summary_routed.pb"/>
  <File Type="REPORTS-TCL" Name="LiftMain_reports.tcl"/>
  <File Type="BITSTR-MSK" Name="LiftMain.msk"/>
  <File Type="ROUTE-CLK" Name="LiftMain_clock_utilization_routed.rpt"/>
  <File Type="RDI-RDI" Name="LiftMain.vdi"/>
  <File Type="POSTROUTE-PHYSOPT-BUS-SKEW-PB" Name="LiftMain_bus_skew_postroute_physopted.pb"/>
  <File Type="BG-BIT" Name="LiftMain.bit"/>
  <File Type="BG-DRC" Name="LiftMain.drc"/>
  <File Type="BG-BGN" Name="LiftMain.bgn"/>
  <File Type="BG-BIN" Name="LiftMain.bin"/>
  <File Type="BITSTR-RBT" Name="LiftMain.rbt"/>
  <File Type="BITSTR-NKY" Name="LiftMain.nky"/>
  <File Type="BITSTR-BMM" Name="LiftMain_bd.bmm"/>
  <File Type="BITSTR-MMI" Name="LiftMain.mmi"/>
  <File Type="ROUTE-METHODOLOGY-DRC" Name="LiftMain_methodology_drc_routed.rpt"/>
  <File Type="BITSTR-SYSDEF" Name="LiftMain.sysdef"/>
  <File Type="BITSTR-LTX" Name="debug_nets.ltx"/>
  <File Type="BITSTR-LTX" Name="LiftMain.ltx"/>
  <File Type="WBT-USG" Name="usage_statistics_webtalk.html"/>
  <File Type="OPT-DRC" Name="LiftMain_drc_opted.rpt"/>
  <File Type="OPT-HWDEF" Name="LiftMain.hwdef"/>
  <File Type="PLACE-IO" Name="LiftMain_io_placed.rpt"/>
  <File Type="PLACE-UTIL" Name="LiftMain_utilization_placed.rpt"/>
  <File Type="PLACE-UTIL-PB" Name="LiftMain_utilization_placed.pb"/>
  <File Type="PLACE-CTRL" Name="LiftMain_control_sets_placed.rpt"/>
  <File Type="PLACE-PRE-SIMILARITY" Name="LiftMain_incremental_reuse_pre_placed.rpt"/>
  <File Type="ROUTE-DRC" Name="LiftMain_drc_routed.rpt"/>
  <File Type="ROUTE-DRC-PB" Name="LiftMain_drc_routed.pb"/>
  <File Type="ROUTE-PWR-RPX" Name="LiftMain_power_routed.rpx"/>
  <File Type="ROUTE-STATUS" Name="LiftMain_route_status.rpt"/>
  <File Type="ROUTE-STATUS-PB" Name="LiftMain_route_status.pb"/>
  <File Type="ROUTE-DCP" Name="LiftMain_routed.dcp"/>
  <File Type="ROUTE-ERROR-DCP" Name="LiftMain_routed_error.dcp"/>
  <File Type="ROUTE-BLACKBOX-DCP" Name="LiftMain_routed_bb.dcp"/>
  <File Type="ROUTE-TIMINGSUMMARY" Name="LiftMain_timing_summary_routed.rpt"/>
  <File Type="ROUTE-TIMING-PB" Name="LiftMain_timing_summary_routed.pb"/>
  <File Type="ROUTE-TIMING-RPX" Name="LiftMain_timing_summary_routed.rpx"/>
  <File Type="ROUTE-SIMILARITY" Name="LiftMain_incremental_reuse_routed.rpt"/>
  <File Type="ROUTE-BUS-SKEW" Name="LiftMain_bus_skew_routed.rpt"/>
  <File Type="ROUTE-BUS-SKEW-PB" Name="LiftMain_bus_skew_routed.pb"/>
  <File Type="ROUTE-BUS-SKEW-RPX" Name="LiftMain_bus_skew_routed.rpx"/>
  <File Type="OPT-DCP" Name="LiftMain_opt.dcp"/>
  <File Type="PLACE-DCP" Name="LiftMain_placed.dcp"/>
  <File Type="PWROPT-DCP" Name="LiftMain_pwropt.dcp"/>
  <File Type="POSTPLACE-PWROPT-DCP" Name="LiftMain_postplace_pwropt.dcp"/>
  <File Type="PHYSOPT-DCP" Name="LiftMain_physopt.dcp"/>
  <File Type="POSTROUTE-PHYSOPT-DCP" Name="LiftMain_postroute_physopt.dcp"/>
  <File Type="POSTROUTE-PHYSOPT-BLACKBOX-DCP" Name="LiftMain_postroute_physopt_bb.dcp"/>
  <File Type="POSTROUTE-PHYSOPT-TIMING" Name="LiftMain_timing_summary_postroute_physopted.rpt"/>
  <File Type="POSTROUTE-PHYSOPT-TIMING-PB" Name="LiftMain_timing_summary_postroute_physopted.pb"/>
  <File Type="POSTROUTE-PHYSOPT-TIMING-RPX" Name="LiftMain_timing_summary_postroute_physopted.rpx"/>
  <File Type="POSTROUTE-PHYSOPT-BUS-SKEW" Name="LiftMain_bus_skew_postroute_physopted.rpt"/>
  <File Type="POSTROUTE-PHYSOPT-BUS-SKEW-RPX" Name="LiftMain_bus_skew_postroute_physopted.rpx"/>
  <File Type="ROUTE-METHODOLOGY-DRC-PB" Name="LiftMain_methodology_drc_routed.pb"/>
  <File Type="ROUTE-DRC-RPX" Name="LiftMain_drc_routed.rpx"/>
  <File Type="ROUTE-METHODOLOGY-DRC-RPX" Name="LiftMain_methodology_drc_routed.rpx"/>
  <File Type="PDI-FILE" Name="LiftMain.pdi"/>
  <File Type="BOOT-PDI-FILE" Name="LiftMain_boot.pdi"/>
  <File Type="PL-PDI-FILE" Name="LiftMain_pld.pdi"/>
  <File Type="RCFI_FILE" Name="LiftMain.rcfi"/>
  <File Type="CFI_FILE" Name="LiftMain.cfi"/>
  <File Type="RNPI_FILE" Name="LiftMain.rnpi"/>
  <File Type="NPI_FILE" Name="LiftMain.npi"/>
  <File Type="RBD_FILE" Name="LiftMain.rbd"/>
  <File Type="ROUTE-RQS" Name="LiftMain_routed.rqs"/>
  <File Type="POSTROUTE-PHYSOPT-RQS" Name="LiftMain_postroute_physopted.rqs"/>
  <File Type="ROUTE-RQS-RPT" Name="route_report_qor_suggestions_0.rpt"/>
  <File Type="POSTROUTE-PHYSOPT-RQS-RPT" Name="postroute_physopt_report_qor_suggestions_0.rpt"/>
  <FileSet Name="sources" Type="DesignSrcs" RelSrcDir="$PSRCDIR/sources_1" RelGenDir="$PGENDIR/sources_1">
    <Filter Type="Srcs"/>
    <File Path="$PPRDIR/../7Segment/DigitToSevenSegment/DigitToSevenSegment.srcs/sources_1/new/DigitToSevenSegment.vhd">
      <FileInfo>
        <Attr Name="UsedIn" Val="synthesis"/>
        <Attr Name="UsedIn" Val="simulation"/>
      </FileInfo>
    </File>
    <File Path="$PPRDIR/../DivizorFrecventa/DivizorFrecventa.srcs/sources_1/new/DivizorFrecventa.vhd">
      <FileInfo>
        <Attr Name="UsedIn" Val="synthesis"/>
        <Attr Name="UsedIn" Val="simulation"/>
      </FileInfo>
    </File>
    <File Path="$PPRDIR/../GetCMD/GetCMD.srcs/sources_1/new/GetCMD.vhd">
      <FileInfo>
        <Attr Name="UsedIn" Val="synthesis"/>
        <Attr Name="UsedIn" Val="simulation"/>
      </FileInfo>
    </File>
    <File Path="$PPRDIR/../LiftControl/LiftControl.srcs/sources_1/new/LiftControl.vhd">
      <FileInfo>
        <Attr Name="UsedIn" Val="synthesis"/>
        <Attr Name="UsedIn" Val="simulation"/>
      </FileInfo>
    </File>
    <File Path="$PPRDIR/../7Segment/SevenSegment/SevenSegment.srcs/sources_1/new/SevenSegment.vhd">
      <FileInfo>
        <Attr Name="UsedIn" Val="synthesis"/>
        <Attr Name="UsedIn" Val="simulation"/>
      </FileInfo>
    </File>
    <File Path="$PPRDIR/../numarator_lift/numarator_lift.srcs/sources_1/new/counter.vhd">
      <FileInfo>
        <Attr Name="UsedIn" Val="synthesis"/>
        <Attr Name="UsedIn" Val="simulation"/>
      </FileInfo>
    </File>
    <File Path="$PPRDIR/../7Segment/counter_7seg/counter_7seg.srcs/sources_1/new/counter_7seg.vhd">
      <FileInfo>
        <Attr Name="UsedIn" Val="synthesis"/>
        <Attr Name="UsedIn" Val="simulation"/>
      </FileInfo>
    </File>
    <File Path="$PPRDIR/../NumaratorStandBy/NumaratorStandBy.srcs/sources_1/new/counter_stand_by.vhd">
      <FileInfo>
        <Attr Name="UsedIn" Val="synthesis"/>
        <Attr Name="UsedIn" Val="simulation"/>
      </FileInfo>
    </File>
    <File Path="$PPRDIR/../dcd12_4/dcd12_4.srcs/sources_1/new/dcd12_4.vhd">
      <FileInfo>
        <Attr Name="UsedIn" Val="synthesis"/>
        <Attr Name="UsedIn" Val="simulation"/>
      </FileInfo>
    </File>
    <File Path="$PPRDIR/../7Segment/dcd_et_curent/dcd_et_curent.srcs/sources_1/new/dcd_et.vhd">
      <FileInfo>
        <Attr Name="UsedIn" Val="synthesis"/>
        <Attr Name="UsedIn" Val="simulation"/>
      </FileInfo>
    </File>
    <File Path="$PPRDIR/../7Segment/dcd_usi/dcd_usi.srcs/sources_1/new/dcd_usi.vhd">
      <FileInfo>
        <Attr Name="UsedIn" Val="synthesis"/>
        <Attr Name="UsedIn" Val="simulation"/>
      </FileInfo>
    </File>
    <File Path="$PPRDIR/../7Segment/mux_7seg_anod/mux_7seg_anod.srcs/sources_1/new/mux8_1.vhd">
      <FileInfo>
        <Attr Name="UsedIn" Val="synthesis"/>
        <Attr Name="UsedIn" Val="simulation"/>
      </FileInfo>
    </File>
    <File Path="$PPRDIR/../7Segment/mux8_1afisaj/mux8_1afisaj.srcs/sources_1/new/mux8_1afisaj.vhd">
      <FileInfo>
        <Attr Name="UsedIn" Val="synthesis"/>
        <Attr Name="UsedIn" Val="simulation"/>
      </FileInfo>
    </File>
    <File Path="$PPRDIR/../registru/registru.srcs/sources_1/new/registru.vhd">
      <FileInfo>
        <Attr Name="UsedIn" Val="synthesis"/>
        <Attr Name="UsedIn" Val="simulation"/>
      </FileInfo>
    </File>
    <File Path="$PPRDIR/../registru_et_crt/registru_et_crt.srcs/sources_1/new/registru_et_crt.vhd">
      <FileInfo>
        <Attr Name="UsedIn" Val="synthesis"/>
        <Attr Name="UsedIn" Val="simulation"/>
      </FileInfo>
    </File>
    <File Path="$PPRDIR/../registru_2biti/registru_2biti.srcs/sources_1/new/registru_sens.vhd">
      <FileInfo>
        <Attr Name="UsedIn" Val="synthesis"/>
        <Attr Name="UsedIn" Val="simulation"/>
      </FileInfo>
    </File>
    <File Path="$PSRCDIR/sources_1/new/LiftMain.vhd">
      <FileInfo>
        <Attr Name="UsedIn" Val="synthesis"/>
        <Attr Name="UsedIn" Val="simulation"/>
      </FileInfo>
    </File>
    <Config>
      <Option Name="DesignMode" Val="RTL"/>
      <Option Name="TopModule" Val="LiftMain"/>
    </Config>
  </FileSet>
  <FileSet Name="constrs_in" Type="Constrs" RelSrcDir="$PSRCDIR/constrs_1" RelGenDir="$PGENDIR/constrs_1">
    <Filter Type="Constrs"/>
    <File Path="$PPRDIR/../Nexys-A7-100T-Master.xdc">
      <FileInfo>
        <Attr Name="UsedIn" Val="synthesis"/>
        <Attr Name="UsedIn" Val="implementation"/>
      </FileInfo>
    </File>
    <Config>
      <Option Name="ConstrsType" Val="XDC"/>
    </Config>
  </FileSet>
  <FileSet Name="utils" Type="Utils" RelSrcDir="$PSRCDIR/utils_1" RelGenDir="$PGENDIR/utils_1">
    <Filter Type="Utils"/>
    <File Path="$PSRCDIR/utils_1/imports/synth_1/LiftMain.dcp">
      <FileInfo>
        <Attr Name="UsedIn" Val="synthesis"/>
        <Attr Name="UsedIn" Val="implementation"/>
        <Attr Name="UsedInSteps" Val="synth_1"/>
        <Attr Name="AutoDcp" Val="1"/>
      </FileInfo>
    </File>
    <Config>
      <Option Name="TopAutoSet" Val="TRUE"/>
    </Config>
  </FileSet>
  <Strategy Version="1" Minor="2">
    <StratHandle Name="Vivado Implementation Defaults" Flow="Vivado Implementation 2023"/>
    <Step Id="init_design"/>
    <Step Id="opt_design"/>
    <Step Id="power_opt_design"/>
    <Step Id="place_design"/>
    <Step Id="post_place_power_opt_design"/>
    <Step Id="phys_opt_design"/>
    <Step Id="route_design"/>
    <Step Id="post_route_phys_opt_design"/>
    <Step Id="write_bitstream"/>
    <Step Id="write_device_image"/>
  </Strategy>
</GenRun>
