<?xml version="1.0" encoding="UTF-8"?>
<GenRun Id="impl_1" LaunchPart="xc7a100tcsg324-1" LaunchTime="1716293244">
  <File Type="ROUTE-PWR" Name="cmp1_power_routed.rpt"/>
  <File Type="PA-TCL" Name="cmp1.tcl"/>
  <File Type="ROUTE-PWR-SUM" Name="cmp1_power_summary_routed.pb"/>
  <File Type="REPORTS-TCL" Name="cmp1_reports.tcl"/>
  <File Type="OPT-RQA-PB" Name="cmp1_rqa_opted.pb"/>
  <File Type="BITSTR-MMI" Name="cmp1.mmi"/>
  <File Type="OPT-METHODOLOGY-DRC" Name="cmp1_methodology_drc_opted.rpt"/>
  <File Type="INIT-TIMING" Name="cmp1_timing_summary_init.rpt"/>
  <File Type="OPT-TIMING" Name="cmp1_timing_summary_opted.rpt"/>
  <File Type="OPT-DCP" Name="cmp1_opt.dcp"/>
  <File Type="OPT-DRC" Name="cmp1_drc_opted.rpt"/>
  <File Type="OPT-HWDEF" Name="cmp1.hwdef"/>
  <File Type="PWROPT-DCP" Name="cmp1_pwropt.dcp"/>
  <File Type="PWROPT-DRC" Name="cmp1_drc_pwropted.rpt"/>
  <File Type="PWROPT-TIMING" Name="cmp1_timing_summary_pwropted.rpt"/>
  <File Type="PLACE-DCP" Name="cmp1_placed.dcp"/>
  <File Type="PLACE-IO" Name="cmp1_io_placed.rpt"/>
  <File Type="PLACE-CLK" Name="cmp1_clock_utilization_placed.rpt"/>
  <File Type="PLACE-UTIL" Name="cmp1_utilization_placed.rpt"/>
  <File Type="PLACE-UTIL-PB" Name="cmp1_utilization_placed.pb"/>
  <File Type="PLACE-CTRL" Name="cmp1_control_sets_placed.rpt"/>
  <File Type="PLACE-SIMILARITY" Name="cmp1_incremental_reuse_placed.rpt"/>
  <File Type="PLACE-PRE-SIMILARITY" Name="cmp1_incremental_reuse_pre_placed.rpt"/>
  <File Type="BG-BIN" Name="cmp1.bin"/>
  <File Type="PLACE-TIMING" Name="cmp1_timing_summary_placed.rpt"/>
  <File Type="ROUTE-PWR-RPX" Name="cmp1_power_routed.rpx"/>
  <File Type="PLACE-RQA-PB" Name="cmp1_rqa_placed.pb"/>
  <File Type="POSTPLACE-PWROPT-DCP" Name="cmp1_postplace_pwropt.dcp"/>
  <File Type="BITSTR-MSK" Name="cmp1.msk"/>
  <File Type="POSTPLACE-PWROPT-TIMING" Name="cmp1_timing_summary_postplace_pwropted.rpt"/>
  <File Type="PHYSOPT-DCP" Name="cmp1_physopt.dcp"/>
  <File Type="PHYSOPT-DRC" Name="cmp1_drc_physopted.rpt"/>
  <File Type="BITSTR-RBT" Name="cmp1.rbt"/>
  <File Type="PHYSOPT-TIMING" Name="cmp1_timing_summary_physopted.rpt"/>
  <File Type="ROUTE-ERROR-DCP" Name="cmp1_routed_error.dcp"/>
  <File Type="ROUTE-DCP" Name="cmp1_routed.dcp"/>
  <File Type="ROUTE-BLACKBOX-DCP" Name="cmp1_routed_bb.dcp"/>
  <File Type="ROUTE-DRC" Name="cmp1_drc_routed.rpt"/>
  <File Type="ROUTE-DRC-PB" Name="cmp1_drc_routed.pb"/>
  <File Type="ROUTE-DRC-RPX" Name="cmp1_drc_routed.rpx"/>
  <File Type="ROUTE-METHODOLOGY-DRC" Name="cmp1_methodology_drc_routed.rpt"/>
  <File Type="ROUTE-METHODOLOGY-DRC-RPX" Name="cmp1_methodology_drc_routed.rpx"/>
  <File Type="ROUTE-METHODOLOGY-DRC-PB" Name="cmp1_methodology_drc_routed.pb"/>
  <File Type="ROUTE-RQS-PB" Name="cmp1_rqs_routed.pb"/>
  <File Type="ROUTE-STATUS" Name="cmp1_route_status.rpt"/>
  <File Type="ROUTE-STATUS-PB" Name="cmp1_route_status.pb"/>
  <File Type="ROUTE-TIMINGSUMMARY" Name="cmp1_timing_summary_routed.rpt"/>
  <File Type="ROUTE-TIMING-PB" Name="cmp1_timing_summary_routed.pb"/>
  <File Type="ROUTE-TIMING-RPX" Name="cmp1_timing_summary_routed.rpx"/>
  <File Type="ROUTE-SIMILARITY" Name="cmp1_incremental_reuse_routed.rpt"/>
  <File Type="ROUTE-CLK" Name="cmp1_clock_utilization_routed.rpt"/>
  <File Type="ROUTE-BUS-SKEW" Name="cmp1_bus_skew_routed.rpt"/>
  <File Type="ROUTE-BUS-SKEW-PB" Name="cmp1_bus_skew_routed.pb"/>
  <File Type="ROUTE-BUS-SKEW-RPX" Name="cmp1_bus_skew_routed.rpx"/>
  <File Type="POSTROUTE-PHYSOPT-DCP" Name="cmp1_postroute_physopt.dcp"/>
  <File Type="POSTROUTE-PHYSOPT-BLACKBOX-DCP" Name="cmp1_postroute_physopt_bb.dcp"/>
  <File Type="POSTROUTE-PHYSOPT-TIMING" Name="cmp1_timing_summary_postroute_physopted.rpt"/>
  <File Type="POSTROUTE-PHYSOPT-TIMING-PB" Name="cmp1_timing_summary_postroute_physopted.pb"/>
  <File Type="POSTROUTE-PHYSOPT-TIMING-RPX" Name="cmp1_timing_summary_postroute_physopted.rpx"/>
  <File Type="POSTROUTE-PHYSOPT-BUS-SKEW" Name="cmp1_bus_skew_postroute_physopted.rpt"/>
  <File Type="BG-BIT" Name="cmp1.bit"/>
  <File Type="POSTROUTE-PHYSOPT-BUS-SKEW-PB" Name="cmp1_bus_skew_postroute_physopted.pb"/>
  <File Type="POSTROUTE-PHYSOPT-BUS-SKEW-RPX" Name="cmp1_bus_skew_postroute_physopted.rpx"/>
  <File Type="BITSTR-NKY" Name="cmp1.nky"/>
  <File Type="BITSTR-BMM" Name="cmp1_bd.bmm"/>
  <File Type="PDI-FILE" Name="cmp1.pdi"/>
  <File Type="BOOT-PDI-FILE" Name="cmp1_boot.pdi"/>
  <File Type="PL-PDI-FILE" Name="cmp1_pld.pdi"/>
  <File Type="RCFI_FILE" Name="cmp1.rcfi"/>
  <File Type="CFI_FILE" Name="cmp1.cfi"/>
  <File Type="RNPI_FILE" Name="cmp1.rnpi"/>
  <File Type="NPI_FILE" Name="cmp1.npi"/>
  <File Type="RBD_FILE" Name="cmp1.rbd"/>
  <File Type="BITSTR-LTX" Name="debug_nets.ltx"/>
  <File Type="BITSTR-LTX" Name="cmp1.ltx"/>
  <File Type="BITSTR-SYSDEF" Name="cmp1.sysdef"/>
  <File Type="BG-BGN" Name="cmp1.bgn"/>
  <File Type="BG-DRC" Name="cmp1.drc"/>
  <File Type="RDI-RDI" Name="cmp1.vdi"/>
  <File Type="WBT-USG" Name="usage_statistics_webtalk.html"/>
  <File Type="ROUTE-RQS" Name="cmp1_routed.rqs"/>
  <File Type="POSTROUTE-PHYSOPT-RQS" Name="cmp1_postroute_physopted.rqs"/>
  <File Type="ROUTE-RQS-RPT" Name="route_report_qor_suggestions_0.rpt"/>
  <File Type="POSTROUTE-PHYSOPT-RQS-RPT" Name="postroute_physopt_report_qor_suggestions_0.rpt"/>
  <FileSet Name="sources" Type="DesignSrcs" RelSrcDir="$PSRCDIR/sources_1" RelGenDir="$PGENDIR/sources_1">
    <Filter Type="Srcs"/>
    <File Path="$PSRCDIR/sources_1/new/cmp1.vhd">
      <FileInfo>
        <Attr Name="UsedIn" Val="synthesis"/>
        <Attr Name="UsedIn" Val="simulation"/>
      </FileInfo>
    </File>
    <Config>
      <Option Name="DesignMode" Val="RTL"/>
      <Option Name="TopModule" Val="cmp1"/>
    </Config>
  </FileSet>
  <FileSet Name="constrs_in" Type="Constrs" RelSrcDir="$PSRCDIR/constrs_1" RelGenDir="$PGENDIR/constrs_1">
    <Filter Type="Constrs"/>
    <File Path="$PPRDIR/../constraints.xdc">
      <FileInfo>
        <Attr Name="UsedIn" Val="synthesis"/>
        <Attr Name="UsedIn" Val="implementation"/>
      </FileInfo>
    </File>
    <Config>
      <Option Name="ConstrsType" Val="XDC"/>
    </Config>
  </FileSet>
  <FileSet Name="utils" Type="Utils" RelSrcDir="$PSRCDIR/utils_1" RelGenDir="$PGENDIR/utils_1">
    <Filter Type="Utils"/>
    <Config>
      <Option Name="TopAutoSet" Val="TRUE"/>
    </Config>
  </FileSet>
  <Strategy Version="1" Minor="2">
    <StratHandle Name="Vivado Implementation Defaults" Flow="Vivado Implementation 2023"/>
    <Step Id="init_design"/>
    <Step Id="opt_design"/>
    <Step Id="power_opt_design"/>
    <Step Id="place_design"/>
    <Step Id="post_place_power_opt_design"/>
    <Step Id="phys_opt_design"/>
    <Step Id="route_design"/>
    <Step Id="post_route_phys_opt_design"/>
    <Step Id="write_bitstream"/>
  </Strategy>
</GenRun>
