<?xml version="1.0" encoding="UTF-8"?>
<GenRun Id="impl_1" LaunchPart="xc7a100tcsg324-1" LaunchTime="1716292648">
  <File Type="ROUTE-PWR" Name="registru_power_routed.rpt"/>
  <File Type="PA-TCL" Name="registru.tcl"/>
  <File Type="ROUTE-PWR-SUM" Name="registru_power_summary_routed.pb"/>
  <File Type="REPORTS-TCL" Name="registru_reports.tcl"/>
  <File Type="OPT-RQA-PB" Name="registru_rqa_opted.pb"/>
  <File Type="BITSTR-MMI" Name="registru.mmi"/>
  <File Type="OPT-METHODOLOGY-DRC" Name="registru_methodology_drc_opted.rpt"/>
  <File Type="INIT-TIMING" Name="registru_timing_summary_init.rpt"/>
  <File Type="OPT-TIMING" Name="registru_timing_summary_opted.rpt"/>
  <File Type="OPT-DCP" Name="registru_opt.dcp"/>
  <File Type="OPT-DRC" Name="registru_drc_opted.rpt"/>
  <File Type="OPT-HWDEF" Name="registru.hwdef"/>
  <File Type="PWROPT-DCP" Name="registru_pwropt.dcp"/>
  <File Type="PWROPT-DRC" Name="registru_drc_pwropted.rpt"/>
  <File Type="PWROPT-TIMING" Name="registru_timing_summary_pwropted.rpt"/>
  <File Type="PLACE-DCP" Name="registru_placed.dcp"/>
  <File Type="PLACE-IO" Name="registru_io_placed.rpt"/>
  <File Type="PLACE-CLK" Name="registru_clock_utilization_placed.rpt"/>
  <File Type="PLACE-UTIL" Name="registru_utilization_placed.rpt"/>
  <File Type="PLACE-UTIL-PB" Name="registru_utilization_placed.pb"/>
  <File Type="PLACE-CTRL" Name="registru_control_sets_placed.rpt"/>
  <File Type="PLACE-SIMILARITY" Name="registru_incremental_reuse_placed.rpt"/>
  <File Type="PLACE-PRE-SIMILARITY" Name="registru_incremental_reuse_pre_placed.rpt"/>
  <File Type="BG-BIN" Name="registru.bin"/>
  <File Type="PLACE-TIMING" Name="registru_timing_summary_placed.rpt"/>
  <File Type="ROUTE-PWR-RPX" Name="registru_power_routed.rpx"/>
  <File Type="PLACE-RQA-PB" Name="registru_rqa_placed.pb"/>
  <File Type="POSTPLACE-PWROPT-DCP" Name="registru_postplace_pwropt.dcp"/>
  <File Type="BITSTR-MSK" Name="registru.msk"/>
  <File Type="POSTPLACE-PWROPT-TIMING" Name="registru_timing_summary_postplace_pwropted.rpt"/>
  <File Type="PHYSOPT-DCP" Name="registru_physopt.dcp"/>
  <File Type="PHYSOPT-DRC" Name="registru_drc_physopted.rpt"/>
  <File Type="BITSTR-RBT" Name="registru.rbt"/>
  <File Type="PHYSOPT-TIMING" Name="registru_timing_summary_physopted.rpt"/>
  <File Type="ROUTE-ERROR-DCP" Name="registru_routed_error.dcp"/>
  <File Type="ROUTE-DCP" Name="registru_routed.dcp"/>
  <File Type="ROUTE-BLACKBOX-DCP" Name="registru_routed_bb.dcp"/>
  <File Type="ROUTE-DRC" Name="registru_drc_routed.rpt"/>
  <File Type="ROUTE-DRC-PB" Name="registru_drc_routed.pb"/>
  <File Type="ROUTE-DRC-RPX" Name="registru_drc_routed.rpx"/>
  <File Type="ROUTE-METHODOLOGY-DRC" Name="registru_methodology_drc_routed.rpt"/>
  <File Type="ROUTE-METHODOLOGY-DRC-RPX" Name="registru_methodology_drc_routed.rpx"/>
  <File Type="ROUTE-METHODOLOGY-DRC-PB" Name="registru_methodology_drc_routed.pb"/>
  <File Type="ROUTE-RQS-PB" Name="registru_rqs_routed.pb"/>
  <File Type="ROUTE-STATUS" Name="registru_route_status.rpt"/>
  <File Type="ROUTE-STATUS-PB" Name="registru_route_status.pb"/>
  <File Type="ROUTE-TIMINGSUMMARY" Name="registru_timing_summary_routed.rpt"/>
  <File Type="ROUTE-TIMING-PB" Name="registru_timing_summary_routed.pb"/>
  <File Type="ROUTE-TIMING-RPX" Name="registru_timing_summary_routed.rpx"/>
  <File Type="ROUTE-SIMILARITY" Name="registru_incremental_reuse_routed.rpt"/>
  <File Type="ROUTE-CLK" Name="registru_clock_utilization_routed.rpt"/>
  <File Type="ROUTE-BUS-SKEW" Name="registru_bus_skew_routed.rpt"/>
  <File Type="ROUTE-BUS-SKEW-PB" Name="registru_bus_skew_routed.pb"/>
  <File Type="ROUTE-BUS-SKEW-RPX" Name="registru_bus_skew_routed.rpx"/>
  <File Type="POSTROUTE-PHYSOPT-DCP" Name="registru_postroute_physopt.dcp"/>
  <File Type="POSTROUTE-PHYSOPT-BLACKBOX-DCP" Name="registru_postroute_physopt_bb.dcp"/>
  <File Type="POSTROUTE-PHYSOPT-TIMING" Name="registru_timing_summary_postroute_physopted.rpt"/>
  <File Type="POSTROUTE-PHYSOPT-TIMING-PB" Name="registru_timing_summary_postroute_physopted.pb"/>
  <File Type="POSTROUTE-PHYSOPT-TIMING-RPX" Name="registru_timing_summary_postroute_physopted.rpx"/>
  <File Type="POSTROUTE-PHYSOPT-BUS-SKEW" Name="registru_bus_skew_postroute_physopted.rpt"/>
  <File Type="BG-BIT" Name="registru.bit"/>
  <File Type="POSTROUTE-PHYSOPT-BUS-SKEW-PB" Name="registru_bus_skew_postroute_physopted.pb"/>
  <File Type="POSTROUTE-PHYSOPT-BUS-SKEW-RPX" Name="registru_bus_skew_postroute_physopted.rpx"/>
  <File Type="BITSTR-NKY" Name="registru.nky"/>
  <File Type="BITSTR-BMM" Name="registru_bd.bmm"/>
  <File Type="PDI-FILE" Name="registru.pdi"/>
  <File Type="BOOT-PDI-FILE" Name="registru_boot.pdi"/>
  <File Type="PL-PDI-FILE" Name="registru_pld.pdi"/>
  <File Type="RCFI_FILE" Name="registru.rcfi"/>
  <File Type="CFI_FILE" Name="registru.cfi"/>
  <File Type="RNPI_FILE" Name="registru.rnpi"/>
  <File Type="NPI_FILE" Name="registru.npi"/>
  <File Type="RBD_FILE" Name="registru.rbd"/>
  <File Type="BITSTR-LTX" Name="debug_nets.ltx"/>
  <File Type="BITSTR-LTX" Name="registru.ltx"/>
  <File Type="BITSTR-SYSDEF" Name="registru.sysdef"/>
  <File Type="BG-BGN" Name="registru.bgn"/>
  <File Type="BG-DRC" Name="registru.drc"/>
  <File Type="RDI-RDI" Name="registru.vdi"/>
  <File Type="WBT-USG" Name="usage_statistics_webtalk.html"/>
  <File Type="ROUTE-RQS" Name="registru_routed.rqs"/>
  <File Type="POSTROUTE-PHYSOPT-RQS" Name="registru_postroute_physopted.rqs"/>
  <File Type="ROUTE-RQS-RPT" Name="route_report_qor_suggestions_0.rpt"/>
  <File Type="POSTROUTE-PHYSOPT-RQS-RPT" Name="postroute_physopt_report_qor_suggestions_0.rpt"/>
  <FileSet Name="sources" Type="DesignSrcs" RelSrcDir="$PSRCDIR/sources_1" RelGenDir="$PGENDIR/sources_1">
    <Filter Type="Srcs"/>
    <File Path="$PSRCDIR/sources_1/new/registru.vhd">
      <FileInfo>
        <Attr Name="UsedIn" Val="synthesis"/>
        <Attr Name="UsedIn" Val="simulation"/>
      </FileInfo>
    </File>
    <Config>
      <Option Name="DesignMode" Val="RTL"/>
      <Option Name="TopModule" Val="registru"/>
      <Option Name="TopAutoSet" Val="TRUE"/>
    </Config>
  </FileSet>
  <FileSet Name="constrs_in" Type="Constrs" RelSrcDir="$PSRCDIR/constrs_1" RelGenDir="$PGENDIR/constrs_1">
    <Filter Type="Constrs"/>
    <File Path="$PPRDIR/../constraints.xdc">
      <FileInfo>
        <Attr Name="UsedIn" Val="synthesis"/>
        <Attr Name="UsedIn" Val="implementation"/>
      </FileInfo>
    </File>
    <Config>
      <Option Name="ConstrsType" Val="XDC"/>
    </Config>
  </FileSet>
  <FileSet Name="utils" Type="Utils" RelSrcDir="$PSRCDIR/utils_1" RelGenDir="$PGENDIR/utils_1">
    <Filter Type="Utils"/>
    <File Path="$PSRCDIR/utils_1/imports/synth_1/registru.dcp">
      <FileInfo>
        <Attr Name="UsedIn" Val="synthesis"/>
        <Attr Name="UsedIn" Val="implementation"/>
        <Attr Name="UsedInSteps" Val="synth_1"/>
        <Attr Name="AutoDcp" Val="1"/>
      </FileInfo>
    </File>
    <Config>
      <Option Name="TopAutoSet" Val="TRUE"/>
    </Config>
  </FileSet>
  <Strategy Version="1" Minor="2">
    <StratHandle Name="Vivado Implementation Defaults" Flow="Vivado Implementation 2023"/>
    <Step Id="init_design"/>
    <Step Id="opt_design"/>
    <Step Id="power_opt_design"/>
    <Step Id="place_design"/>
    <Step Id="post_place_power_opt_design"/>
    <Step Id="phys_opt_design"/>
    <Step Id="route_design"/>
    <Step Id="post_route_phys_opt_design"/>
    <Step Id="write_bitstream"/>
  </Strategy>
</GenRun>
