<?xml version="1.0" encoding="UTF-8"?>
<GenRun Id="impl_1" LaunchPart="xc7a100tcsg324-1" LaunchTime="1716291555">
  <File Type="ROUTE-PWR" Name="SevenSegment_power_routed.rpt"/>
  <File Type="PA-TCL" Name="SevenSegment.tcl"/>
  <File Type="ROUTE-PWR-SUM" Name="SevenSegment_power_summary_routed.pb"/>
  <File Type="REPORTS-TCL" Name="SevenSegment_reports.tcl"/>
  <File Type="OPT-RQA-PB" Name="SevenSegment_rqa_opted.pb"/>
  <File Type="BITSTR-MMI" Name="SevenSegment.mmi"/>
  <File Type="OPT-METHODOLOGY-DRC" Name="SevenSegment_methodology_drc_opted.rpt"/>
  <File Type="INIT-TIMING" Name="SevenSegment_timing_summary_init.rpt"/>
  <File Type="OPT-TIMING" Name="SevenSegment_timing_summary_opted.rpt"/>
  <File Type="OPT-DCP" Name="SevenSegment_opt.dcp"/>
  <File Type="OPT-DRC" Name="SevenSegment_drc_opted.rpt"/>
  <File Type="OPT-HWDEF" Name="SevenSegment.hwdef"/>
  <File Type="PWROPT-DCP" Name="SevenSegment_pwropt.dcp"/>
  <File Type="PWROPT-DRC" Name="SevenSegment_drc_pwropted.rpt"/>
  <File Type="PWROPT-TIMING" Name="SevenSegment_timing_summary_pwropted.rpt"/>
  <File Type="PLACE-DCP" Name="SevenSegment_placed.dcp"/>
  <File Type="PLACE-IO" Name="SevenSegment_io_placed.rpt"/>
  <File Type="PLACE-CLK" Name="SevenSegment_clock_utilization_placed.rpt"/>
  <File Type="PLACE-UTIL" Name="SevenSegment_utilization_placed.rpt"/>
  <File Type="PLACE-UTIL-PB" Name="SevenSegment_utilization_placed.pb"/>
  <File Type="PLACE-CTRL" Name="SevenSegment_control_sets_placed.rpt"/>
  <File Type="PLACE-SIMILARITY" Name="SevenSegment_incremental_reuse_placed.rpt"/>
  <File Type="PLACE-PRE-SIMILARITY" Name="SevenSegment_incremental_reuse_pre_placed.rpt"/>
  <File Type="BG-BIN" Name="SevenSegment.bin"/>
  <File Type="PLACE-TIMING" Name="SevenSegment_timing_summary_placed.rpt"/>
  <File Type="ROUTE-PWR-RPX" Name="SevenSegment_power_routed.rpx"/>
  <File Type="PLACE-RQA-PB" Name="SevenSegment_rqa_placed.pb"/>
  <File Type="POSTPLACE-PWROPT-DCP" Name="SevenSegment_postplace_pwropt.dcp"/>
  <File Type="BITSTR-MSK" Name="SevenSegment.msk"/>
  <File Type="POSTPLACE-PWROPT-TIMING" Name="SevenSegment_timing_summary_postplace_pwropted.rpt"/>
  <File Type="PHYSOPT-DCP" Name="SevenSegment_physopt.dcp"/>
  <File Type="PHYSOPT-DRC" Name="SevenSegment_drc_physopted.rpt"/>
  <File Type="BITSTR-RBT" Name="SevenSegment.rbt"/>
  <File Type="PHYSOPT-TIMING" Name="SevenSegment_timing_summary_physopted.rpt"/>
  <File Type="ROUTE-ERROR-DCP" Name="SevenSegment_routed_error.dcp"/>
  <File Type="ROUTE-DCP" Name="SevenSegment_routed.dcp"/>
  <File Type="ROUTE-BLACKBOX-DCP" Name="SevenSegment_routed_bb.dcp"/>
  <File Type="ROUTE-DRC" Name="SevenSegment_drc_routed.rpt"/>
  <File Type="ROUTE-DRC-PB" Name="SevenSegment_drc_routed.pb"/>
  <File Type="ROUTE-DRC-RPX" Name="SevenSegment_drc_routed.rpx"/>
  <File Type="ROUTE-METHODOLOGY-DRC" Name="SevenSegment_methodology_drc_routed.rpt"/>
  <File Type="ROUTE-METHODOLOGY-DRC-RPX" Name="SevenSegment_methodology_drc_routed.rpx"/>
  <File Type="ROUTE-METHODOLOGY-DRC-PB" Name="SevenSegment_methodology_drc_routed.pb"/>
  <File Type="ROUTE-RQS-PB" Name="SevenSegment_rqs_routed.pb"/>
  <File Type="ROUTE-STATUS" Name="SevenSegment_route_status.rpt"/>
  <File Type="ROUTE-STATUS-PB" Name="SevenSegment_route_status.pb"/>
  <File Type="ROUTE-TIMINGSUMMARY" Name="SevenSegment_timing_summary_routed.rpt"/>
  <File Type="ROUTE-TIMING-PB" Name="SevenSegment_timing_summary_routed.pb"/>
  <File Type="ROUTE-TIMING-RPX" Name="SevenSegment_timing_summary_routed.rpx"/>
  <File Type="ROUTE-SIMILARITY" Name="SevenSegment_incremental_reuse_routed.rpt"/>
  <File Type="ROUTE-CLK" Name="SevenSegment_clock_utilization_routed.rpt"/>
  <File Type="ROUTE-BUS-SKEW" Name="SevenSegment_bus_skew_routed.rpt"/>
  <File Type="ROUTE-BUS-SKEW-PB" Name="SevenSegment_bus_skew_routed.pb"/>
  <File Type="ROUTE-BUS-SKEW-RPX" Name="SevenSegment_bus_skew_routed.rpx"/>
  <File Type="POSTROUTE-PHYSOPT-DCP" Name="SevenSegment_postroute_physopt.dcp"/>
  <File Type="POSTROUTE-PHYSOPT-BLACKBOX-DCP" Name="SevenSegment_postroute_physopt_bb.dcp"/>
  <File Type="POSTROUTE-PHYSOPT-TIMING" Name="SevenSegment_timing_summary_postroute_physopted.rpt"/>
  <File Type="POSTROUTE-PHYSOPT-TIMING-PB" Name="SevenSegment_timing_summary_postroute_physopted.pb"/>
  <File Type="POSTROUTE-PHYSOPT-TIMING-RPX" Name="SevenSegment_timing_summary_postroute_physopted.rpx"/>
  <File Type="POSTROUTE-PHYSOPT-BUS-SKEW" Name="SevenSegment_bus_skew_postroute_physopted.rpt"/>
  <File Type="BG-BIT" Name="SevenSegment.bit"/>
  <File Type="POSTROUTE-PHYSOPT-BUS-SKEW-PB" Name="SevenSegment_bus_skew_postroute_physopted.pb"/>
  <File Type="POSTROUTE-PHYSOPT-BUS-SKEW-RPX" Name="SevenSegment_bus_skew_postroute_physopted.rpx"/>
  <File Type="BITSTR-NKY" Name="SevenSegment.nky"/>
  <File Type="BITSTR-BMM" Name="SevenSegment_bd.bmm"/>
  <File Type="PDI-FILE" Name="SevenSegment.pdi"/>
  <File Type="BOOT-PDI-FILE" Name="SevenSegment_boot.pdi"/>
  <File Type="PL-PDI-FILE" Name="SevenSegment_pld.pdi"/>
  <File Type="RCFI_FILE" Name="SevenSegment.rcfi"/>
  <File Type="CFI_FILE" Name="SevenSegment.cfi"/>
  <File Type="RNPI_FILE" Name="SevenSegment.rnpi"/>
  <File Type="NPI_FILE" Name="SevenSegment.npi"/>
  <File Type="RBD_FILE" Name="SevenSegment.rbd"/>
  <File Type="BITSTR-LTX" Name="debug_nets.ltx"/>
  <File Type="BITSTR-LTX" Name="SevenSegment.ltx"/>
  <File Type="BITSTR-SYSDEF" Name="SevenSegment.sysdef"/>
  <File Type="BG-BGN" Name="SevenSegment.bgn"/>
  <File Type="BG-DRC" Name="SevenSegment.drc"/>
  <File Type="RDI-RDI" Name="SevenSegment.vdi"/>
  <File Type="WBT-USG" Name="usage_statistics_webtalk.html"/>
  <File Type="ROUTE-RQS" Name="SevenSegment_routed.rqs"/>
  <File Type="POSTROUTE-PHYSOPT-RQS" Name="SevenSegment_postroute_physopted.rqs"/>
  <File Type="ROUTE-RQS-RPT" Name="route_report_qor_suggestions_0.rpt"/>
  <File Type="POSTROUTE-PHYSOPT-RQS-RPT" Name="postroute_physopt_report_qor_suggestions_0.rpt"/>
  <FileSet Name="sources" Type="DesignSrcs" RelSrcDir="$PSRCDIR/sources_1" RelGenDir="$PGENDIR/sources_1">
    <Filter Type="Srcs"/>
    <File Path="$PPRDIR/../DigitToSevenSegment/DigitToSevenSegment.srcs/sources_1/new/DigitToSevenSegment.vhd">
      <FileInfo>
        <Attr Name="UsedIn" Val="synthesis"/>
        <Attr Name="UsedIn" Val="simulation"/>
      </FileInfo>
    </File>
    <File Path="$PPRDIR/../counter_7seg/counter_7seg.srcs/sources_1/new/counter_7seg.vhd">
      <FileInfo>
        <Attr Name="UsedIn" Val="synthesis"/>
        <Attr Name="UsedIn" Val="simulation"/>
      </FileInfo>
    </File>
    <File Path="$PPRDIR/../dcd_et_curent/dcd_et_curent.srcs/sources_1/new/dcd_et.vhd">
      <FileInfo>
        <Attr Name="UsedIn" Val="synthesis"/>
        <Attr Name="UsedIn" Val="simulation"/>
      </FileInfo>
    </File>
    <File Path="$PPRDIR/../dcd_usi/dcd_usi.srcs/sources_1/new/dcd_usi.vhd">
      <FileInfo>
        <Attr Name="UsedIn" Val="synthesis"/>
        <Attr Name="UsedIn" Val="simulation"/>
      </FileInfo>
    </File>
    <File Path="$PPRDIR/../mux_7seg_anod/mux_7seg_anod.srcs/sources_1/new/mux8_1.vhd">
      <FileInfo>
        <Attr Name="UsedIn" Val="synthesis"/>
        <Attr Name="UsedIn" Val="simulation"/>
      </FileInfo>
    </File>
    <File Path="$PPRDIR/../mux8_1afisaj/mux8_1afisaj.srcs/sources_1/new/mux8_1afisaj.vhd">
      <FileInfo>
        <Attr Name="UsedIn" Val="synthesis"/>
        <Attr Name="UsedIn" Val="simulation"/>
      </FileInfo>
    </File>
    <File Path="$PSRCDIR/sources_1/new/SevenSegment.vhd">
      <FileInfo>
        <Attr Name="UsedIn" Val="synthesis"/>
        <Attr Name="UsedIn" Val="simulation"/>
      </FileInfo>
    </File>
    <Config>
      <Option Name="DesignMode" Val="RTL"/>
      <Option Name="TopModule" Val="SevenSegment"/>
      <Option Name="TopAutoSet" Val="TRUE"/>
    </Config>
  </FileSet>
  <FileSet Name="constrs_in" Type="Constrs" RelSrcDir="$PSRCDIR/constrs_1" RelGenDir="$PGENDIR/constrs_1">
    <Filter Type="Constrs"/>
    <File Path="$PPRDIR/../../constraints.xdc">
      <FileInfo>
        <Attr Name="UsedIn" Val="synthesis"/>
        <Attr Name="UsedIn" Val="implementation"/>
      </FileInfo>
    </File>
    <Config>
      <Option Name="ConstrsType" Val="XDC"/>
    </Config>
  </FileSet>
  <FileSet Name="utils" Type="Utils" RelSrcDir="$PSRCDIR/utils_1" RelGenDir="$PGENDIR/utils_1">
    <Filter Type="Utils"/>
    <File Path="$PSRCDIR/utils_1/imports/synth_1/SevenSegment.dcp">
      <FileInfo>
        <Attr Name="UsedIn" Val="synthesis"/>
        <Attr Name="UsedIn" Val="implementation"/>
        <Attr Name="UsedInSteps" Val="synth_1"/>
        <Attr Name="AutoDcp" Val="1"/>
      </FileInfo>
    </File>
    <Config>
      <Option Name="TopAutoSet" Val="TRUE"/>
    </Config>
  </FileSet>
  <Strategy Version="1" Minor="2">
    <StratHandle Name="Vivado Implementation Defaults" Flow="Vivado Implementation 2023"/>
    <Step Id="init_design"/>
    <Step Id="opt_design"/>
    <Step Id="power_opt_design"/>
    <Step Id="place_design"/>
    <Step Id="post_place_power_opt_design"/>
    <Step Id="phys_opt_design"/>
    <Step Id="route_design"/>
    <Step Id="post_route_phys_opt_design"/>
    <Step Id="write_bitstream"/>
  </Strategy>
</GenRun>
