<?xml version="1.0" encoding="UTF-8"?>
<GenRun Id="impl_1" LaunchPart="xc7a100tcsg324-1" LaunchTime="1716291967">
  <File Type="ROUTE-PWR" Name="DivizorFrecventa_power_routed.rpt"/>
  <File Type="PA-TCL" Name="DivizorFrecventa.tcl"/>
  <File Type="ROUTE-PWR-SUM" Name="DivizorFrecventa_power_summary_routed.pb"/>
  <File Type="REPORTS-TCL" Name="DivizorFrecventa_reports.tcl"/>
  <File Type="BITSTR-MSK" Name="DivizorFrecventa.msk"/>
  <File Type="ROUTE-CLK" Name="DivizorFrecventa_clock_utilization_routed.rpt"/>
  <File Type="RDI-RDI" Name="DivizorFrecventa.vdi"/>
  <File Type="POSTROUTE-PHYSOPT-BUS-SKEW-PB" Name="DivizorFrecventa_bus_skew_postroute_physopted.pb"/>
  <File Type="BG-BIT" Name="DivizorFrecventa.bit"/>
  <File Type="BG-DRC" Name="DivizorFrecventa.drc"/>
  <File Type="BG-BGN" Name="DivizorFrecventa.bgn"/>
  <File Type="BG-BIN" Name="DivizorFrecventa.bin"/>
  <File Type="BITSTR-RBT" Name="DivizorFrecventa.rbt"/>
  <File Type="BITSTR-NKY" Name="DivizorFrecventa.nky"/>
  <File Type="BITSTR-BMM" Name="DivizorFrecventa_bd.bmm"/>
  <File Type="BITSTR-MMI" Name="DivizorFrecventa.mmi"/>
  <File Type="ROUTE-METHODOLOGY-DRC" Name="DivizorFrecventa_methodology_drc_routed.rpt"/>
  <File Type="BITSTR-SYSDEF" Name="DivizorFrecventa.sysdef"/>
  <File Type="ROUTE-METHODOLOGY-DRC-PB" Name="DivizorFrecventa_methodology_drc_routed.pb"/>
  <File Type="BITSTR-LTX" Name="debug_nets.ltx"/>
  <File Type="BITSTR-LTX" Name="DivizorFrecventa.ltx"/>
  <File Type="BOOT-PDI-FILE" Name="DivizorFrecventa_boot.pdi"/>
  <File Type="WBT-USG" Name="usage_statistics_webtalk.html"/>
  <File Type="NPI_FILE" Name="DivizorFrecventa.npi"/>
  <File Type="OPT-DRC" Name="DivizorFrecventa_drc_opted.rpt"/>
  <File Type="RBD_FILE" Name="DivizorFrecventa.rbd"/>
  <File Type="OPT-HWDEF" Name="DivizorFrecventa.hwdef"/>
  <File Type="PLACE-IO" Name="DivizorFrecventa_io_placed.rpt"/>
  <File Type="PLACE-UTIL" Name="DivizorFrecventa_utilization_placed.rpt"/>
  <File Type="PLACE-UTIL-PB" Name="DivizorFrecventa_utilization_placed.pb"/>
  <File Type="PLACE-CTRL" Name="DivizorFrecventa_control_sets_placed.rpt"/>
  <File Type="PLACE-PRE-SIMILARITY" Name="DivizorFrecventa_incremental_reuse_pre_placed.rpt"/>
  <File Type="ROUTE-DRC" Name="DivizorFrecventa_drc_routed.rpt"/>
  <File Type="ROUTE-DRC-PB" Name="DivizorFrecventa_drc_routed.pb"/>
  <File Type="ROUTE-PWR-RPX" Name="DivizorFrecventa_power_routed.rpx"/>
  <File Type="ROUTE-STATUS" Name="DivizorFrecventa_route_status.rpt"/>
  <File Type="ROUTE-STATUS-PB" Name="DivizorFrecventa_route_status.pb"/>
  <File Type="ROUTE-DCP" Name="DivizorFrecventa_routed.dcp"/>
  <File Type="ROUTE-ERROR-DCP" Name="DivizorFrecventa_routed_error.dcp"/>
  <File Type="ROUTE-BLACKBOX-DCP" Name="DivizorFrecventa_routed_bb.dcp"/>
  <File Type="ROUTE-TIMINGSUMMARY" Name="DivizorFrecventa_timing_summary_routed.rpt"/>
  <File Type="ROUTE-TIMING-PB" Name="DivizorFrecventa_timing_summary_routed.pb"/>
  <File Type="ROUTE-TIMING-RPX" Name="DivizorFrecventa_timing_summary_routed.rpx"/>
  <File Type="ROUTE-SIMILARITY" Name="DivizorFrecventa_incremental_reuse_routed.rpt"/>
  <File Type="ROUTE-BUS-SKEW" Name="DivizorFrecventa_bus_skew_routed.rpt"/>
  <File Type="ROUTE-BUS-SKEW-PB" Name="DivizorFrecventa_bus_skew_routed.pb"/>
  <File Type="ROUTE-BUS-SKEW-RPX" Name="DivizorFrecventa_bus_skew_routed.rpx"/>
  <File Type="OPT-DCP" Name="DivizorFrecventa_opt.dcp"/>
  <File Type="PLACE-DCP" Name="DivizorFrecventa_placed.dcp"/>
  <File Type="PWROPT-DCP" Name="DivizorFrecventa_pwropt.dcp"/>
  <File Type="POSTPLACE-PWROPT-DCP" Name="DivizorFrecventa_postplace_pwropt.dcp"/>
  <File Type="PHYSOPT-DCP" Name="DivizorFrecventa_physopt.dcp"/>
  <File Type="POSTROUTE-PHYSOPT-DCP" Name="DivizorFrecventa_postroute_physopt.dcp"/>
  <File Type="POSTROUTE-PHYSOPT-BLACKBOX-DCP" Name="DivizorFrecventa_postroute_physopt_bb.dcp"/>
  <File Type="POSTROUTE-PHYSOPT-TIMING" Name="DivizorFrecventa_timing_summary_postroute_physopted.rpt"/>
  <File Type="POSTROUTE-PHYSOPT-TIMING-PB" Name="DivizorFrecventa_timing_summary_postroute_physopted.pb"/>
  <File Type="POSTROUTE-PHYSOPT-TIMING-RPX" Name="DivizorFrecventa_timing_summary_postroute_physopted.rpx"/>
  <File Type="POSTROUTE-PHYSOPT-BUS-SKEW" Name="DivizorFrecventa_bus_skew_postroute_physopted.rpt"/>
  <File Type="POSTROUTE-PHYSOPT-BUS-SKEW-RPX" Name="DivizorFrecventa_bus_skew_postroute_physopted.rpx"/>
  <File Type="ROUTE-DRC-RPX" Name="DivizorFrecventa_drc_routed.rpx"/>
  <File Type="ROUTE-METHODOLOGY-DRC-RPX" Name="DivizorFrecventa_methodology_drc_routed.rpx"/>
  <File Type="PDI-FILE" Name="DivizorFrecventa.pdi"/>
  <File Type="PL-PDI-FILE" Name="DivizorFrecventa_pld.pdi"/>
  <File Type="RCFI_FILE" Name="DivizorFrecventa.rcfi"/>
  <File Type="CFI_FILE" Name="DivizorFrecventa.cfi"/>
  <File Type="RNPI_FILE" Name="DivizorFrecventa.rnpi"/>
  <File Type="ROUTE-RQS" Name="DivizorFrecventa_routed.rqs"/>
  <File Type="POSTROUTE-PHYSOPT-RQS" Name="DivizorFrecventa_postroute_physopted.rqs"/>
  <File Type="ROUTE-RQS-RPT" Name="route_report_qor_suggestions_0.rpt"/>
  <File Type="POSTROUTE-PHYSOPT-RQS-RPT" Name="postroute_physopt_report_qor_suggestions_0.rpt"/>
  <FileSet Name="sources" Type="DesignSrcs" RelSrcDir="$PSRCDIR/sources_1" RelGenDir="$PGENDIR/sources_1">
    <Filter Type="Srcs"/>
    <File Path="$PSRCDIR/sources_1/new/DivizorFrecventa.vhd">
      <FileInfo>
        <Attr Name="UsedIn" Val="synthesis"/>
        <Attr Name="UsedIn" Val="simulation"/>
      </FileInfo>
    </File>
    <Config>
      <Option Name="DesignMode" Val="RTL"/>
      <Option Name="TopModule" Val="DivizorFrecventa"/>
      <Option Name="TopAutoSet" Val="TRUE"/>
    </Config>
  </FileSet>
  <FileSet Name="constrs_in" Type="Constrs" RelSrcDir="$PSRCDIR/constrs_1" RelGenDir="$PGENDIR/constrs_1">
    <Filter Type="Constrs"/>
    <File Path="$PPRDIR/../../Nexys-A7-100T-Master.xdc">
      <FileInfo>
        <Attr Name="UsedIn" Val="synthesis"/>
        <Attr Name="UsedIn" Val="implementation"/>
      </FileInfo>
    </File>
    <Config>
      <Option Name="ConstrsType" Val="XDC"/>
    </Config>
  </FileSet>
  <FileSet Name="utils" Type="Utils" RelSrcDir="$PSRCDIR/utils_1" RelGenDir="$PGENDIR/utils_1">
    <Filter Type="Utils"/>
    <Config>
      <Option Name="TopAutoSet" Val="TRUE"/>
    </Config>
  </FileSet>
  <Strategy Version="1" Minor="2">
    <StratHandle Name="Vivado Implementation Defaults" Flow="Vivado Implementation 2023"/>
    <Step Id="init_design"/>
    <Step Id="opt_design"/>
    <Step Id="power_opt_design"/>
    <Step Id="place_design"/>
    <Step Id="post_place_power_opt_design"/>
    <Step Id="phys_opt_design"/>
    <Step Id="route_design"/>
    <Step Id="post_route_phys_opt_design"/>
    <Step Id="write_bitstream"/>
    <Step Id="write_device_image"/>
  </Strategy>
</GenRun>
