<?xml version="1.0" encoding="UTF-8"?>
<GenRun Id="impl_1" LaunchPart="xc7a100tcsg324-1" LaunchTime="1716293858">
  <File Type="ROUTE-PWR" Name="counter_etaj_power_routed.rpt"/>
  <File Type="PA-TCL" Name="counter_etaj.tcl"/>
  <File Type="ROUTE-PWR-SUM" Name="counter_etaj_power_summary_routed.pb"/>
  <File Type="REPORTS-TCL" Name="counter_etaj_reports.tcl"/>
  <File Type="OPT-RQA-PB" Name="counter_etaj_rqa_opted.pb"/>
  <File Type="BITSTR-MMI" Name="counter_etaj.mmi"/>
  <File Type="OPT-METHODOLOGY-DRC" Name="counter_etaj_methodology_drc_opted.rpt"/>
  <File Type="INIT-TIMING" Name="counter_etaj_timing_summary_init.rpt"/>
  <File Type="OPT-TIMING" Name="counter_etaj_timing_summary_opted.rpt"/>
  <File Type="OPT-DCP" Name="counter_etaj_opt.dcp"/>
  <File Type="OPT-DRC" Name="counter_etaj_drc_opted.rpt"/>
  <File Type="OPT-HWDEF" Name="counter_etaj.hwdef"/>
  <File Type="PWROPT-DCP" Name="counter_etaj_pwropt.dcp"/>
  <File Type="PWROPT-DRC" Name="counter_etaj_drc_pwropted.rpt"/>
  <File Type="PWROPT-TIMING" Name="counter_etaj_timing_summary_pwropted.rpt"/>
  <File Type="PLACE-DCP" Name="counter_etaj_placed.dcp"/>
  <File Type="PLACE-IO" Name="counter_etaj_io_placed.rpt"/>
  <File Type="PLACE-CLK" Name="counter_etaj_clock_utilization_placed.rpt"/>
  <File Type="PLACE-UTIL" Name="counter_etaj_utilization_placed.rpt"/>
  <File Type="PLACE-UTIL-PB" Name="counter_etaj_utilization_placed.pb"/>
  <File Type="PLACE-CTRL" Name="counter_etaj_control_sets_placed.rpt"/>
  <File Type="PLACE-SIMILARITY" Name="counter_etaj_incremental_reuse_placed.rpt"/>
  <File Type="PLACE-PRE-SIMILARITY" Name="counter_etaj_incremental_reuse_pre_placed.rpt"/>
  <File Type="BG-BIN" Name="counter_etaj.bin"/>
  <File Type="PLACE-TIMING" Name="counter_etaj_timing_summary_placed.rpt"/>
  <File Type="ROUTE-PWR-RPX" Name="counter_etaj_power_routed.rpx"/>
  <File Type="PLACE-RQA-PB" Name="counter_etaj_rqa_placed.pb"/>
  <File Type="POSTPLACE-PWROPT-DCP" Name="counter_etaj_postplace_pwropt.dcp"/>
  <File Type="BITSTR-MSK" Name="counter_etaj.msk"/>
  <File Type="POSTPLACE-PWROPT-TIMING" Name="counter_etaj_timing_summary_postplace_pwropted.rpt"/>
  <File Type="PHYSOPT-DCP" Name="counter_etaj_physopt.dcp"/>
  <File Type="PHYSOPT-DRC" Name="counter_etaj_drc_physopted.rpt"/>
  <File Type="BITSTR-RBT" Name="counter_etaj.rbt"/>
  <File Type="PHYSOPT-TIMING" Name="counter_etaj_timing_summary_physopted.rpt"/>
  <File Type="ROUTE-ERROR-DCP" Name="counter_etaj_routed_error.dcp"/>
  <File Type="ROUTE-DCP" Name="counter_etaj_routed.dcp"/>
  <File Type="ROUTE-BLACKBOX-DCP" Name="counter_etaj_routed_bb.dcp"/>
  <File Type="ROUTE-DRC" Name="counter_etaj_drc_routed.rpt"/>
  <File Type="ROUTE-DRC-PB" Name="counter_etaj_drc_routed.pb"/>
  <File Type="ROUTE-DRC-RPX" Name="counter_etaj_drc_routed.rpx"/>
  <File Type="ROUTE-METHODOLOGY-DRC" Name="counter_etaj_methodology_drc_routed.rpt"/>
  <File Type="ROUTE-METHODOLOGY-DRC-RPX" Name="counter_etaj_methodology_drc_routed.rpx"/>
  <File Type="ROUTE-METHODOLOGY-DRC-PB" Name="counter_etaj_methodology_drc_routed.pb"/>
  <File Type="ROUTE-RQS-PB" Name="counter_etaj_rqs_routed.pb"/>
  <File Type="ROUTE-STATUS" Name="counter_etaj_route_status.rpt"/>
  <File Type="ROUTE-STATUS-PB" Name="counter_etaj_route_status.pb"/>
  <File Type="ROUTE-TIMINGSUMMARY" Name="counter_etaj_timing_summary_routed.rpt"/>
  <File Type="ROUTE-TIMING-PB" Name="counter_etaj_timing_summary_routed.pb"/>
  <File Type="ROUTE-TIMING-RPX" Name="counter_etaj_timing_summary_routed.rpx"/>
  <File Type="ROUTE-SIMILARITY" Name="counter_etaj_incremental_reuse_routed.rpt"/>
  <File Type="ROUTE-CLK" Name="counter_etaj_clock_utilization_routed.rpt"/>
  <File Type="ROUTE-BUS-SKEW" Name="counter_etaj_bus_skew_routed.rpt"/>
  <File Type="ROUTE-BUS-SKEW-PB" Name="counter_etaj_bus_skew_routed.pb"/>
  <File Type="ROUTE-BUS-SKEW-RPX" Name="counter_etaj_bus_skew_routed.rpx"/>
  <File Type="POSTROUTE-PHYSOPT-DCP" Name="counter_etaj_postroute_physopt.dcp"/>
  <File Type="POSTROUTE-PHYSOPT-BLACKBOX-DCP" Name="counter_etaj_postroute_physopt_bb.dcp"/>
  <File Type="POSTROUTE-PHYSOPT-TIMING" Name="counter_etaj_timing_summary_postroute_physopted.rpt"/>
  <File Type="POSTROUTE-PHYSOPT-TIMING-PB" Name="counter_etaj_timing_summary_postroute_physopted.pb"/>
  <File Type="POSTROUTE-PHYSOPT-TIMING-RPX" Name="counter_etaj_timing_summary_postroute_physopted.rpx"/>
  <File Type="POSTROUTE-PHYSOPT-BUS-SKEW" Name="counter_etaj_bus_skew_postroute_physopted.rpt"/>
  <File Type="BG-BIT" Name="counter_etaj.bit"/>
  <File Type="POSTROUTE-PHYSOPT-BUS-SKEW-PB" Name="counter_etaj_bus_skew_postroute_physopted.pb"/>
  <File Type="POSTROUTE-PHYSOPT-BUS-SKEW-RPX" Name="counter_etaj_bus_skew_postroute_physopted.rpx"/>
  <File Type="BITSTR-NKY" Name="counter_etaj.nky"/>
  <File Type="BITSTR-BMM" Name="counter_etaj_bd.bmm"/>
  <File Type="PDI-FILE" Name="counter_etaj.pdi"/>
  <File Type="BOOT-PDI-FILE" Name="counter_etaj_boot.pdi"/>
  <File Type="PL-PDI-FILE" Name="counter_etaj_pld.pdi"/>
  <File Type="RCFI_FILE" Name="counter_etaj.rcfi"/>
  <File Type="CFI_FILE" Name="counter_etaj.cfi"/>
  <File Type="RNPI_FILE" Name="counter_etaj.rnpi"/>
  <File Type="NPI_FILE" Name="counter_etaj.npi"/>
  <File Type="RBD_FILE" Name="counter_etaj.rbd"/>
  <File Type="BITSTR-LTX" Name="debug_nets.ltx"/>
  <File Type="BITSTR-LTX" Name="counter_etaj.ltx"/>
  <File Type="BITSTR-SYSDEF" Name="counter_etaj.sysdef"/>
  <File Type="BG-BGN" Name="counter_etaj.bgn"/>
  <File Type="BG-DRC" Name="counter_etaj.drc"/>
  <File Type="RDI-RDI" Name="counter_etaj.vdi"/>
  <File Type="WBT-USG" Name="usage_statistics_webtalk.html"/>
  <File Type="ROUTE-RQS" Name="counter_etaj_routed.rqs"/>
  <File Type="POSTROUTE-PHYSOPT-RQS" Name="counter_etaj_postroute_physopted.rqs"/>
  <File Type="ROUTE-RQS-RPT" Name="route_report_qor_suggestions_0.rpt"/>
  <File Type="POSTROUTE-PHYSOPT-RQS-RPT" Name="postroute_physopt_report_qor_suggestions_0.rpt"/>
  <FileSet Name="sources" Type="DesignSrcs" RelSrcDir="$PSRCDIR/sources_1" RelGenDir="$PGENDIR/sources_1">
    <Filter Type="Srcs"/>
    <File Path="$PSRCDIR/sources_1/new/counter.vhd">
      <FileInfo>
        <Attr Name="UsedIn" Val="synthesis"/>
        <Attr Name="UsedIn" Val="simulation"/>
      </FileInfo>
    </File>
    <Config>
      <Option Name="DesignMode" Val="RTL"/>
      <Option Name="TopModule" Val="counter_etaj"/>
      <Option Name="TopAutoSet" Val="TRUE"/>
    </Config>
  </FileSet>
  <FileSet Name="constrs_in" Type="Constrs" RelSrcDir="$PSRCDIR/constrs_1" RelGenDir="$PGENDIR/constrs_1">
    <Filter Type="Constrs"/>
    <File Path="$PPRDIR/../constraints.xdc">
      <FileInfo>
        <Attr Name="UsedIn" Val="synthesis"/>
        <Attr Name="UsedIn" Val="implementation"/>
      </FileInfo>
    </File>
    <Config>
      <Option Name="ConstrsType" Val="XDC"/>
    </Config>
  </FileSet>
  <FileSet Name="utils" Type="Utils" RelSrcDir="$PSRCDIR/utils_1" RelGenDir="$PGENDIR/utils_1">
    <Filter Type="Utils"/>
    <Config>
      <Option Name="TopAutoSet" Val="TRUE"/>
    </Config>
  </FileSet>
  <Strategy Version="1" Minor="2">
    <StratHandle Name="Vivado Implementation Defaults" Flow="Vivado Implementation 2023"/>
    <Step Id="init_design"/>
    <Step Id="opt_design"/>
    <Step Id="power_opt_design"/>
    <Step Id="place_design"/>
    <Step Id="post_place_power_opt_design"/>
    <Step Id="phys_opt_design"/>
    <Step Id="route_design"/>
    <Step Id="post_route_phys_opt_design"/>
    <Step Id="write_bitstream"/>
  </Strategy>
</GenRun>
